{"cameraMode":{"drawMode":0,"name":"Shaded","section":"Shading Mode"},"sceneLighting":true,"audioPlay":false,"sceneViewState":{"showFog":true,"showMaterialUpdate":false,"showSkybox":true,"showFlares":true,"showImageEffects":true,"showParticleSystems":true},"in2DMode":false,"pivot":{"x":35.14978790283203,"y":9.66299057006836,"z":-23.710464477539064},"rotation":{"x":0.04076826199889183,"y":0.035640377551317218,"z":-0.0013310778886079789,"w":0.9983726739883423},"size":22.598825454711915,"orthographic":false}