{"cameraMode":{"drawMode":0,"name":"Shaded","section":"Shading Mode"},"sceneLighting":true,"audioPlay":false,"sceneViewState":{"showFog":true,"showMaterialUpdate":false,"showSkybox":false,"showFlares":true,"showImageEffects":true,"showParticleSystems":true},"in2DMode":false,"pivot":{"x":0.00000667572021484375,"y":23.950000762939454,"z":0.010001659393310547},"rotation":{"x":-0.1016530990600586,"y":-0.09624750167131424,"z":0.00988785270601511,"w":-0.9901146292686462},"size":14.474210739135743,"orthographic":false}